EMAIL,FIRST_NAME,LAST_NAME,COUNTRY,CITY,DATE_OF_BIRTH,GENDER
0304@mailinator.com,,huy duong,,,,unknown
111@mailinator.com,NGUYEN,ANH,,,1999-12-18,female
12121@mailinator.com,VAN A,NGUYEN,VN,Ho Chi Minh City,2000-11-11,male
12312zsfdv3@mailinator.com,,Vinh,,,,unknown
2053404040252@mailinator.com,,"DUONG, THI HONG NHUNG",,,,unknown
234@mailinator.com,ANH,LAN,,,2005-01-01,female
333@mailinator.com,NGUYEN,ANH,,,1997-12-09,female
369205910@mailinator.com,,"XI AN YUTU INFORMATION TECHNOLOGY CO., LTD",,,,unknown
55435@mailinator.com,C,Q,,,2003-01-01,male
7.lekieudiem@mailinator.com,KIEU DIEM,LE,,,2004-10-29,female
793244037@mailinator.com,,"WANG, ZI",,,,unknown
84333322211@mailinator.com,TRAN,SUONG,,,2000-06-15,male
abc@mailinator.com,TEST,TEST,,,2000-05-05,male
abcd@mailinator.com,C,A,,,2002-07-09,male
acb@mailinator.com,KHANG,NGUYEN,,,1990-01-31,male
adelladaultonmk@mailinator.com,,Way,,,,unknown
adfgsd@mailinator.com,,Duong Huy,,,,unknown
admin6@mailinator.com,,XU XUELING,,,,unknown
admin@mailinator.com,DANG KHOA,NGUYEN,VN,Ho Chi Minh City,1995-10-12,male
adsfasdf@mailinator.com,MINH CHINH,PHAM,,,1999-03-10,male
ag@mailinator.com,B,A,VN,Ho Chi Minh City,1978-12-06,male
airline.autoemailmerchant@mailinator.com,THAO,TRAN,,,2005-11-21,female
alhindit1@mailinator.com,,SFDDDG DGEGVV,,,,unknown
an-dy.gu_an@mailinator.com,,AndyGuan,,,,unknown
anhdangth@mailinator.com,,"NGHIEM, MANH TUAN",,,,unknown
anhlequynh123@mailinator.com,ANH,NGUYEN,,Ho Chi Minh City,1997-01-01,male
anhlevt@mailinator.com,,"LE, VU TRAM ANH",,,,unknown
anhthu09080706@mailinator.com,LE ANH,NGUYEN,VN,Ho Chi Minh City,1997-02-11,male
annla.scvietnam@mailinator.com,,CTY CP ANNLA VIET NAM,,,,unknown
antammotri@mailinator.com,,Thomas Ronald,,,,unknown
api.vja@mailinator.com,,CONG TY TNHH HO PHI LONG,,,,unknown
api@mailinator.com,,TONG GIANG HUY,,,,unknown
apiteam@mailinator.com,,Yuta Tago,,,,unknown
app@mailinator.com,,ST AG DEMO,,,,unknown
aravind@mailinator.com,,kaviyarasan kumar,,,,unknown
asd@mailinator.com,WEREW,ASD,,,2000-12-22,male
asdasd@asdd.asd,NGUYEN,MAI,,,2001-02-08,male
asdasd@mailinator.com,Q,Q,,,2011-07-27,male
asdfghjsky@mailinator.com,ANH TUNG,NGUYEN,VN,Ho Chi Minh City,1991-08-13,male
asdsad@mailinator.com,PAUL JERRY,MURPHY,,,2065-10-29,male
b2c@mailinator.com,,PHAN LE PHU,,,,unknown
bao.duong@mailinator.com,,QUQUO BABAO NENE,,,,unknown
be_flight_049@mailinator.com,,"TRAN, VAN HIEU",,,,unknown
be_flight_050@mailinator.com,,"LHOE, SUNI",,,,unknown
binhnp@mailinator.com,,PHUOC BINH NGUYEN,,,,unknown
bktuyen103@mailinator.com,KHAC TU,BUI,,,1955-03-02,male
bngoc080204@mailinator.com,THI BICH NGOC,PHAM,,,2000-08-02,female
bontukyhpkt@mailinator.com,SY THIEN,HO,,,2003-10-02,female
booking@mailinator.com,,,,,1981-10-11,male
bsiabwjq@mailinator.com,VAN MINH,VO,,,1999-03-10,male
budonghae@mailinator.com,BINH,TRINH,,Ha Noi,1999-10-22,male
buiduc184@mailinator.com,,TRAN HOAI NAM,,,,unknown
butsanee@mailinator.com,,nina aisoft,,,,unknown
bzhxh@mailinator.com,THI KIM NHANH,PHAM,,,1982-05-10,male
camphuong2828282@mailinator.com,,LE HONG CAM PHUONG,,,,unknown
canhnam@mailinator.com,,Datacom,,,,unknown
caominhtester@mailinator.com,,MINH DO,,,,unknown
chanchan3467@mailinator.com,HAI NINH,NGUYEN,,,1992-10-26,male
chanchanne234@mailinator.com,,CHAN CHAN,,,,unknown
changeseg@mailinator.com,,"TRAN, NGO TRUONG",,,,unknown
chanhtt@mailinator.com,THI THIEN CHAN,HUYNH,VN,Quang Binh,1993-10-18,female
chau.01287597273@mailinator.com,ANH DUY,TRAN,,,2000-08-08,male
chi.mnguyen294@mailinator.com,MANH DOAT,NGUYEN,VN,Ha Noi,1958-01-01,male
chieuhoang81@mailinator.com,KHAC NGUYEN,NGUYEN,,,1989-10-15,male
chomavai@mailinator.com,LOI,DOAN,,,1999-11-11,male
chuvanvu1324@mailinator.com,,Chu Vu,,,,unknown
colenevedfdryday@mailinator.com,C,Q,,,1990-01-01,male
coleneverday@gmail.com,C,Q,VN,Ho Chi Minh City,2012-11-28,female
coleneveryday1@mailinator.com,C,Q,,,2011-01-01,male
coleneveryday@mailinator.com,C,Q,VN,Ho Chi Minh City,1990-01-01,male
congminh0801@mailinator.com,TESTING BA,ICT,VN,Ho Chi Minh City,2002-01-01,male
congminh@mailinator.com,TESTING,ICT,VN,Ho Chi Minh City,2012-01-01,male
congnguyenct34@mailinator.com,THANH CONG,NGUYEN,VN,Ho Chi Minh City,1991-04-03,male
contact1@mailinator.com,,TIEN CONG,,,,unknown
contact@mailinator.com,THI KIM THAO,NGUYEN,US,Newyork,1980-01-01,female
cskh@mailinator.com,JJ,JJJJ,,,1999-08-11,male
ctv.hoatt@mailinator.com,PHUONG NAM,NGUYEN,,,2002-11-29,male
cty@mailinator.com,,TEST SYSTEM ICT,,,,unknown
cuongnb01@mailinator.com,,NGUYEN BA CUONG,,,,unknown
dailyabc@mailinator.com,,TEST SYSTEM ICT,,,,unknown
dailyveviethan@mailinator.com,VAN HUNG,PHAN,,Ho Chi Minh City,1990-05-15,male
dan123@mailinator.com,THU DAN,LE,,,1996-08-27,female
dangduykhanh1202@mailinator.com,DANG,DUY KHANH,VN,Ho Chi Minh City,1999-07-05,male
dangvanduoc1997@mailinator.com,,DANG VAN DUOC,,,,unknown
dao98055@mailinator.com,LE ANH,NGUYEN,VN,Ho Chi Minh City,1997-02-12,male
datluong@mailinator.com,,,,,1989-11-30,male
davina@mailinator.com,,Davina Edison,,,,unknown
dfd@mailinator.com,,,,,1998-05-25,male
dfsdfsd@mailinator.com,NGUYEN HOI,MAI,,,2013-08-30,male
dggdg@mailinator.com,,TestAB TestBB,,,,unknown
dhavaljangla@mailinator.com,,IND. BIRD TRAVEL PVT.LTD GSA - 614 - AURORA TRAV,,,,unknown
diepnln@mailinator.com,,NGUYEN LE NGOC DIEP,,,,unknown
doanthisonuyen@mailinator.com,,"DOAN, THUY",,,,unknown
dolam@mailinator.com,,"DO, LAM MS",,,,unknown
doyen423@mailinator.com,THI KIM YEN,DO,VN,Dong Nai,2002-03-19,female
drphuongthao0910@mailinator.com,THI HOA,NGUYEN,VN,Ha Noi,1983-04-05,female
ductt.net@mailinator.com,TRUNG DUC,TRAN,,,1982-01-01,male
dung.ton@mailinator.com,,Chi Dung,,,,unknown
dungnt@mailinator.com,THUY DUNG,NGUYEN,,,1990-01-01,female
dunguyendinh2001@mailinator.com,,Chinh Nguyen,,,,unknown
duongbahieu1551991@mailinator.com,BA HIEU,DUONG,,,1991-05-15,male
duonghuy0304@mailinator.com,QUANG HUY,DUONG,,,2001-04-30,male
duongvo@mailinator.com,,"SKYSHOP, QN",,,,unknown
duy@mailinator.com,,,,,1992-01-11,male
duyenbui5720@mailinator.com,QUANG HOA,NGUYEN,,,1980-01-01,male
duykhangdang2000@mailinator.com,,DUY KHANG KHANG,,,,unknown
duylongvnu@mailinator.com,VU,THANH LONG,,,1995-04-25,male
duypham@mailinator.com,,PHAM DUY,,,,unknown
duypm1711ak@mailinator.com,,Nguyen Xi,,,,unknown
duypm@mailinator.com,,Pham Duy,,,,unknown
dvvzvx@mailinator.com,THI KIM NHANH,PHAM,,,2009-12-10,male
e-ticketvietjet@mailinator.com,,"Thailand, Traveloka",,,,unknown
e2e.test@mailinator.com,,Doe John,,,,unknown
email1@mailinator.com,ONE,TEST,,,1991-01-01,male
email2@mailinator.com,TWO,TEST,,,1992-01-01,male
f1@mailinator.com,,Partner User,,,,unknown
f2@mailinator.com,,LAM,,,,unknown
f2nice_1@mailinator.com,,F2 9S VINH,,,,unknown
f3@mailinator.com,,LAM,,,,unknown
faczcz@mailinator.com,C,Q,,,2003-12-10,male
fgrwrs@mailinator.com,,"LU, THI THANH XUAN",,,,unknown
flight-agent@mailinator.com,,CTY CP BE GROUP,,,,unknown
flight-gen@mailinator.com,,CTY CP BE GROUP,,,,unknown
flight@mailinator.com,,,,,1997-07-20,male
flight_service@mailinator.com,,"LAOPAKDEEPONG, RATCHANEE",,,,unknown
franklinfrankie70@mailinator.com,,"BIYAHEKO, BIYAHEKO",,,,unknown
freuss47@mailinator.com,,JOHN DOE,,,,unknown
gautam@mailinator.com,,Gautam Pandey,,,,unknown
giang12334@mailinator.com,,Giang Le,,,,unknown
giangle.mic@mailinator.com,,Giang,,,,unknown
giangnh.vedu@mailinator.com,,nguyen giang,,,,unknown
gokart@mailinator.com,,"Doe, John",,,,unknown
haaaa@mailinator.com,,QUOC THANH NGUYEN HA,,,,unknown
haaha@mailinator.com,,QUOC THANH NGUYEN HA,,,,unknown
haha@mailinator.com,ALO,ALO,,,1999-01-01,male
hai.1nt@mailinator.com,,HONG NGOC HA TRAVEL - HCM,,,,unknown
hai.n1t@mailinator.com,,HONG NGOC HA TRAVEL - HCM,,,,unknown
hai.nt1@mailinator.com,,HONG NGOC HA TRAVEL - HCM,,,,unknown
hai.nt@mailinator.com,,NGUYEN THANH HAI,,,,unknown
hainguyenvan.1712@mailinator.com,VAN ANH,NGUYEN,,,2010-09-27,female
haitruong@mailinator.com,,Truong Thanh Hai,,,,unknown
haitx@mailinator.com,HAI,HAI,,,1996-09-20,male
hajkhanh96@gmail.com,NGUYEN BA,SON,,,2000-11-11,male
hakhactuyen@mailinator.com,THI HANH,TRAN,,,1993-08-22,female
hangnguyen@mailinator.com,,,,,1995-01-11,female
hangnt3@mailinator.com,,THU HANG NGUYEN,,,,unknown
hanhpn1311@mailinator.com,,CTY TNHH TM DV DL NGOC MAI,,,,unknown
harish@mailinator.com,,,,,1991-07-12,male
hehe@mailinator.com,HEHE,HELI,,,2001-01-01,male
hieuhc@mailinator.com,CHI HIEU,HOANG,,,,male
hieuvuongtrong2209@mailinator.com,TRONG HIEU,VUONG,,,1988-12-10,male
himanshumah019@mailinator.com,,Himanshu Mahajan,,,,unknown
hoai35283@mailinator.com,,BUU TOAI TRAN,,,,unknown
hoang.tu-tram@mailinator.com,TRAM,HOANG,,,2010-10-20,female
hoang.vuhuy2103@mailinator.com,LE ANH,NGUYEN,,,1997-02-11,male
hoangmy8412@mailinator.com,VO MY HOANG,PHAN,,,2003-07-15,female
hoangthithuydungvn@mailinator.com,THI THUY DUNG,HOANG,VN,Ho Chi Minh City,1987-11-20,female
hoangthuy4795@mailinator.com,,HOANG THUY,,,,unknown
hoangvansang846@mailinator.com,,HOANG VAN THANH,,,,unknown
hoanvuphan@mailinator.com,,Adm LEAP,,,,unknown
hoaqualoaqb@mailinator.com,,VAN LONG BGUYEN,,,,unknown
hongngocdaovt89@mailinator.com,HONG NGOCJ,DAO,,,2000-09-08,female
hongvin11h@mailinator.com,,HOANG,,,,unknown
hotro@mailinator.com,VAN THIEN,CAO,,,1989-10-17,male
hpmtrung.gtd@mailinator.com,,"NGOC, QUYY",,,,unknown
hsgsg@mailinator.com,C,Q,,,2003-07-31,male
httravel.ht@mailinator.com,,TEST SYSTEM ICT,,,,unknown
huedt1@mailinator.com,THI HUE,DO,,,1997-05-03,female
huik@mailinator.com,,HO MA,,,,unknown
hung.chu@mailinator.com,QUANG HUNG,CHU,,,,male
hung.hoanganh@mailinator.com,,"HUNG, ANH",,,,unknown
hungpv@mailinator.com,,CAO QUYNH NGA,,,,unknown
hungtran2140@mailinator.com,,Datacom,,,,unknown
huong.pth@mailinator.com,HUONG,PHAN,,,1989-01-01,female
huongmin1312@mailinator.com,THI THUY HUONG,NGUYEN,,,1999-12-13,female
huynhmaikhanh1206@mailinator.com,TIEU PHUNG,LA,VN,Hai Phong,1995-02-12,female
huynqa@mailinator.com,QUOC HUY,NGUYEN,,,1989-09-30,male
idiotcat98@mailinator.com,,"KAWAII, DORAEMON",,,,unknown
info@mailinator.com,PRUTHVI CHANDRAKANT MR,PATEL,,,1996-11-06,male
ishaan.juneja@mailinator.com,,Ishaan Juneja,,,,unknown
jeffereyborgmannge@mailinator.com,,XUXUELIN,,,,unknown
john.nguyen0622@mailinator.com,NGUYEN,THANH,VN,Ho Chi Minh City,1990-12-12,male
john@mailinator.com,JOHN MR,SANFILIPPO,,,1959-05-21,male
jookgrul@mailinator.com,TESTNAKRUB,QATESTER,,,1981-07-29,male
justinnguyenngoc@mailinator.com,QUOC HUNG,DO,VN,Ho Chi Minh City,1991-09-15,male
kh0000314@mailinator.com,NGOC,NGUYEN,,,1990-01-17,male
khai.trinh@mailinator.com,,Quang Khai Trinh,,,,unknown
khaile2@mailinator.com,KHAI,KHAI,,,2001-03-21,male
khaileduy08022000@mailinator.com,QUQW,TAD,,,2003-07-24,male
khaileduy0802@gmail.com,LE,KHAI,,,2001-03-21,male
khaileduy0802@mailinator.com,ET,TEST,,,2003-07-24,male
khaileduy08@mailinator.com,TEST,TES,,,2003-07-24,male
khang27h@mailinator.com,QUANG LINH,NGUYEN,VN,Ha Noi,1990-10-26,male
khanh.huynh@mailinator.com,,SANG HOANG,,,,unknown
khanhbt2002@mailinator.com,,DANG DUY KHANH,,,,unknown
khanhnguyenngoc@mailinator.com,,TEST GALAXY ONE,,,,unknown
khoa.pham@mailinator.com,,,,,1996-12-08,male
khoa38429@mailinator.com,KHOA,HUYNH,CN,Beijing,1998-01-11,male
khoapham300197@mailinator.com,,DANG KHOA,,,,unknown
khuentb@mailinator.com,ICH TRINH,HINH,,,2020-08-09,female
khunnaphat.wutthichai@mailinator.com,KHUNNAPHAT,WUTTHICHAI,,,1995-01-03,male
kitsayakorn@mailinator.com,,THUNYA NIAMSIRI,,,,unknown
laichithien3@mailinator.com,,LAI CHI THIEN,,,,unknown
lam.nguyen@mailinator.com,NGOC LAM,NGUYEN,VN,Ho Chi Minh City,1985-02-26,male
lamf2@mailinator.com,,LAM,,,,unknown
lamtoloan@mailinator.com,MINH PHUONG,LE,VN,Ho Chi Minh City,2006-02-27,female
lamvm@mailinator.com,VAN A,NGUYEN,VN,Ho Chi Minh City,2003-05-23,male
lanhvo30@mailinator.com,,"LY, VAN ANH",,,,unknown
ldieu711@mailinator.com,VAN A,NGUYEN,,,2003-02-07,male
ldthanh86@mailinator.com,,HUY LOC NGUYEN,,,,unknown
le_van_quang_son@mailinator.com,,"Van Quang Son, Le",,,,unknown
leessick98@mailinator.com,SUCKMIN,HWANG,,,1979-08-20,male
lehongthang1999@mailinator.com,HONG THANG,LE,VN,Ninh Thuan,1999-09-02,male
lequangtuonglop91@mailinator.com,QUANG TUONG,LE,,,1998-12-10,male
lequynhnhu162@mailinator.com,NGOC QUYNH NHU,LE,,,2001-02-16,female
lethanhhai.1108@mailinator.com,,VNTRIP,,,,unknown
leuyen826@mailinator.com,MANH HA,HOANG,VN,Nghe An,1980-01-01,male
levietyp111@mailinator.com,QUEQWE,QUEQWE,,,2000-12-22,male
lghao140202@mailinator.com,,"LUONG, GIA HAO",,,,unknown
lhongyen526@mailinator.com,,YEN,,,,unknown
lienvu@mailinator.com,,"VU, HOANG LIEN",,,,unknown
lindatran1210@mailinator.com,THI THAM,TRAN,,,2000-01-01,female
linhphan0588@mailinator.com,VAN THANG,NGUYEN,VN,Can Tho,1975-11-08,male
ljmzjm12@mailinator.com,,DUC HUNG DAMD,,,,unknown
long.do@mailinator.com,,HAI LONG DO,,,,unknown
longpnt@mailinator.com,,long pham,,,,unknown
louise.ta2012@mailinator.com,THI NGOC THANH,VO,,,1960-08-18,female
lpthanhmaianh@mailinator.com,NGOC XUAN NGHI,LAM,VN,Da Nang,2007-08-22,female
lucieleven95@mailinator.com,TEST,TEST,VN,Thanh Hoa,1999-07-12,male
lucky.tu@mailinator.com,,"HSIEH, CHENG KANG MR",,,,unknown
luongtuananh8695@mailinator.com,,LUONG TUAN ANH,,,,unknown
luuthethanh918@mailinator.com,THI KIM CHI,TRAN,,,1985-11-14,female
lvwu18948735931@mailinator.com,,Zhang/Lisa,,,,unknown
lybt@mailinator.com,KHAC DINH NGHIA,NGUYEN,,,2007-07-25,male
m@mailinator.com,H,H,,,1974-09-24,male
maythuminh@mailinator.com,THU HUONG,BUI,VN,Ho Chi Minh City,1975-06-29,female
mbb1@mailinator.com,FSFD,TEST MBBANK,,,1950-07-09,male
men.luu@mailinator.com,NGOC QUAN,TRUONG,VN,Ho Chi Minh City,1996-02-02,male
meocuteequas@mailinator.com,,"Holland, Tom",,,,unknown
minhanle195@gmail.com,tien,tran,,,1995-09-05,male
minhduy@mailinator.com,,PHAM MINH THUY,,,,unknown
ms.ngact@mailinator.com,MINH,HOANG,,,1998-12-12,male
mydung1007@mailinator.com,THI THU HIEN,LE,VN,Phu Yen,,female
mylady70@mailinator.com,INJUMS,SONG,,,1965-02-07,female
mylinh.tmu@mailinator.com,THI MY LINH,LE,,,1998-09-30,male
nahsh@mailinator.com,MINH LUAN,LE,,,1998-11-05,male
nam@mailinator.com,DUC NAM,LE,,,1992-11-17,male
napaphach.ni@mailinator.com,,"test, testing",,,,unknown
nath@mailinator.com,,Riya Sharma,,,,unknown
ndphong1512444@mailinator.com,DUY PHONG,NGUYEN,VN,Ho Chi Minh City,1997-03-13,male
ngan@mailinator.com,NGAN,DO,,,1965-05-10,male
ngandott@mailinator.com,,"NGAN, TEST SKYSHOP",,,,unknown
nghia.tran@mailinator.com,,Nghia Tran Trong,,,,unknown
ngochau3571@mailinator.com,NGOC HAU,NGUYEN,,,2013-06-14,male
ngockhanhtty@gmail.com,ngoc khanh,nguyen,,,1989-07-03,male
ngoclananh1409@mailinator.com,NGOC LAN ANH,TRAN,VN,Ho Chi Minh City,2003-09-14,female
ngocmai.le88@mailinator.com,NGOC MAI,LE,VN,Ha Noi,1988-05-25,female
ngoctri31102k@mailinator.com,,"NGUYEN, THANH PHONG",,,,unknown
ngocv280891999@mailinator.com,LE ANH,NGUYEN,VN,Ho Chi Minh City,1997-02-12,male
ngotlam@mailinator.com,THI THANH TRUYEN,LE,VN,Phu Yen,2001-08-09,female
nguyendoanbaongan@mailinator.com,LAN,LE,,,1980-11-20,female
nguyenhai12@mailinator.com,QUANG DAT,TRUONG,,,1999-04-23,male
nguyenhung090399@mailinator.com,,APIGW OTA TESTING,,,,unknown
nguyenhutuanh@mailinator.com,HUU TU ANH,NGUYEN,VN,Ha Noi,2001-10-04,male
nguyenphucvinh1920@mailinator.com,VINH,NGUYEN,,,2025-06-01,male
nguyenthesang6997@mailinator.com,,LONG,,,,unknown
nguyenthingochien260799@mailinator.com,THI NGOC HIEN,NGUYEN,,,1999-07-26,female
nguyentuanh241@mailinator.com,TU ANH,NGUYEN,,,1989-06-20,female
nguyenvananh@mailinator.com,VAN ANH,NGUYEN,,,1990-08-15,male
nguyenviethung1822@mailinator.com,VIET HUNG,NGUYEN,,,2003-02-18,male
nguyetvm@mailinator.com,NGUYEN,THI THANH NGAN,,,1999-10-01,female
nhan@mailinator.com,HOANG,NHAN,,,1991-10-10,male
nhanhtt2109@mailinator.com,TEST,TEST,,,1991-10-10,male
nhanhtt@mailinator.com,HOANG,NHAN,,,1991-02-02,male
nhanmy1977@mailinator.com,KHAC TOAN,VU,,,1994-09-13,male
nhat.ngo@mailinator.com,,VZ TEST GIT,,,,unknown
nhitatgia@mailinator.com,,"TEST, ID CARD",,,,unknown
nht@mailinator.com,A,A,,,1990-07-12,male
nicolaskiel35@mailinator.com,,IND FAREHAWKER ONLINE SERVICE LLP,,,,unknown
ninh1000001@mailinator.com,,NGUYEN HAI NINH,,,,unknown
ninhn@mailinator.com,,HAI NINH NGUYEN,,,,unknown
ninhnh091201@gmail.com,Hai Ninh,Nguyen,,,2002-06-15,male
ninhnh26@gmail.com,HAI NINH,NGUYEN,,,1992-10-26,male
niquang2003@mailinator.com,LE ANH,NGUYEN,VN,Tay Ninh,1997-02-12,male
nitin@mailinator.com,YULIA MS,BUDANOVA,,,1984-01-18,female
nluyencaugiaytravel@mailinator.com,,CTY CP EN VIET,,,,unknown
noreply@mailinator.com,,"TEST, TEST",,,,unknown
ntkieudev@mailinator.com,THAI KIEU,NGUYEN,,,1991-08-25,female
ntngocxuan@mailinator.com,,"NGUYEN, NGOC XUAN",,,,unknown
ntphong@mailinator.com,THU PHONG,NGUYEN,,,1965-08-08,male
nv.thanh3738@mailinator.com,DUY DAT,VU,VN,Thanh Hoa,1990-02-13,female
ota.merchantcare@mailinator.com,,MoMo OTA,,,,unknown
partner@mailinator.com,SHYAM SUNDER VISHNU SWAROOP MR,AGARWAL,,,1966-10-09,male
phambichphuong309@mailinator.com,THI BICH PHUONG,PHAM,,,2001-09-30,female
phongpv@mailinator.com,,PHAM PHONG,,,,unknown
phung@mailinator.com,,DIDOTEK TEK,,,,unknown
phungkhai797@mailinator.com,LE ANH,NGUYEN,,,1997-02-12,male
phuongle.ecoland@mailinator.com,VAN PHUONG,LE,,,1978-08-14,male
phuongthi0964686813@mailinator.com,PHUONG THI,NGUYEN THI,,Ho Chi Minh City,2001-06-13,female
phuthienphuc2004@mailinator.com,LU PHUC,PHU,,,1994-01-10,male
poiu@gmail.com,NGOC PHONG,NGUYEN,,,2000-05-08,male
ponmurugan@mailinator.com,,kaviyarasan suryakumar,,,,unknown
potato2511@mailinator.com,HOANG DUY,THAI,VN,Ho Chi Minh City,1989-11-25,male
qawanghailin@mailinator.com,,Hayley Moran,,,,unknown
qhuy1508@mailinator.com,A,PHAM,,,2000-01-04,male
qq@mailinator.com,Q,Q,,,1999-12-12,male
quangtm210395@mailinator.com,MINH QUANG,TRAN,,,2000-01-11,male
quic2@mailinator.com,TRUNG DUONG,LE,,,1991-01-11,male
quipq@mailinator.com,,PHAN Qui,,,,unknown
quy.bui@mailinator.com,QUY,NGOC,,,2010-06-24,male
quy123@mailinator.com,,"BUI, NGOC QUY",,,,unknown
quyet.pham.1991@mailinator.com,CUONG QUYET,PHAM,VN,Ho Chi Minh City,1991-09-19,male
quynhtran1517@mailinator.com,LE ANH,NGUYEN,,,1997-02-12,male
quynunicron@mailinator.com,THI TU QUYEN,NGUYEN,,,2005-03-17,female
rahul.kumar@mailinator.com,,Rahul Sharma,,,,unknown
ram@mailinator.com,,Rajiv Singh,,,,unknown
reservations@mailinator.com,,,,,1994-04-01,male
rever.xia@mailinator.com,,LIN JUNYU,,,,unknown
ruby@mailinator.com,THI QUY,NGUYEN,,,1991-09-30,female
s65d1df@mailinator.com,,LILI,,,,unknown
sadsadsa@mailinator.com,C,Q,,,2000-02-01,male
sandbox.test@mailinator.com,,iVIVU Contact,,,,unknown
sang@mailinator.com,VAN SANG,NGUYEN,VN,Gia Lai,1984-01-08,male
sdfsfds@mailinator.com,C,Q,,,2000-01-01,male
service@mailinator.com,VARSHA MS,JAIN,,,,female
sfluloan@mailinator.com,LU,LOAN,VN,Thanh Hoa,1989-09-18,male
sggxg@mailinator.com,C,Q,,,2008-08-12,male
sharkokhoa@mailinator.com,DANG KHOA,TRINH,VN,Ho Chi Minh City,2005-10-30,male
shmily@mailinator.com,,Jane TestA,,,,unknown
son@mailinator.com,NGOC SON,TA,,,2001-08-28,male
sonheungmin_skt@mailinator.com,DINH NGUYEN,VO,,,1999-01-01,male
sonpham1106@mailinator.com,T,T,VN,Ha Noi,1992-11-10,male
southeastregion@mailinator.com,,"haifeng, zheng",,,,unknown
sunny2022jul@mailinator.com,,"HOEGER, KAMILLE MS",,,,unknown
support.vietravelairlines@mailinator.com,VAN A,NGUYEN,,,2000-01-01,male
susea1808@mailinator.com,HUY DUONG,PHAN,VN,Ninh Thuan,2001-02-23,male
system@mailinator.com,THI BICH,NGUYEN,,,1987-01-01,female
ta12345@mailinator.com,BA CUONG,NGUYEN,,,1994-03-02,male
tainguyenduc@mailinator.com,,TET DICH VU GUI TIN,,,,unknown
tainguyenm@mailinator.com,VAN B,NGUYEN,,,2000-09-25,male
tanseven5@mailinator.com,CONG TOAN,NGUYEN,,,1990-02-16,male
tbolakshmi.techsoft@mailinator.com,ANAND,VERMA,,,1925-04-29,male
tcong@mailinator.com,THANH CONG,NGUYEN,,,1975-04-30,male
team4@mailinator.com,MINH ANHH,NGUYEN,,,1990-01-30,male
teassst@mailinator.com,HIEN NE,MINH,,,2002-02-22,female
teemo.cui@mailinator.com,,YUJIA,,,,unknown
test123@mailinator.com,,SANTHOSH KUMAR,,,,unknown
test@mailinator.com,NGUYEN,VAN AN,,,1996-06-05,male
testemail@mailinator.com,,,,,,unknown
testfacebook1805@mailinator.com,TUONG KHAI,DO,,,1999-09-01,male
testskingg@mailinator.com,THANH TAI,TONG,,,2001-05-27,male
testtoni80@mailinator.com,,PHAMM DUY,,,,unknown
thai00436@mailinator.com,,NGUYEN TRONG THAI,,,,unknown
thai111@mailinator.com,A,NGUYEN,,,1997-03-12,male
thaitq@mailinator.com,,TRAN THAI,,,,unknown
thaitrongvinh@mailinator.com,,"Deai, Ali",,,,unknown
thanggrom@mailinator.com,,THANG MA F1,,,,unknown
thanglong_co@mailinator.com,,CTY THANG LONG,,,,unknown
thanh.hai.kim@mailinator.com,ANIKET MOHAN MR,SONAK,VN,Ninh Thuan,1991-12-25,female
thanh.nguyen1@mailinator.com,,Cong Thanh Nguyen,,,,unknown
thanh.nguyen2@mailinator.com,THI THANH NGAN,NGUYEN,,,1999-01-10,female
thanhduytrann@mailinator.com,NI GA,MAI,VN,Ho Chi Minh City,1994-10-12,female
thanhnhan.g1013@mailinator.com,LE ANH,NGUYEN,VN,Ho Chi Minh City,1997-02-12,female
thaobp.tfac@mailinator.com,,ANH KHAI VUONG,,,1969-06-06,male
thaoht@mailinator.com,THI THAO,HOANG,,,2002-06-15,female
thaole260379@mailinator.com,,"TRAN, THANH THAO",,,,unknown
thaont@mailinator.com,HUU HUNG,TRAN,,,1982-10-06,male
thegioivere@mailinator.com,,THE GIOI VE RE,,,,unknown
thien.truongvan@mailinator.com,THI HOA,TRAN,VN,Binh Dinh,1994-09-29,female
thienphu.st12@mailinator.com,,PHAM PHU,,,,unknown
thinh1@mailinator.com,,Ha Thinh,,,,unknown
thongpham9912@mailinator.com,VAN QUI,LE,,,1981-03-20,male
thuhuong18011998@mailinator.com,THU HUONG,PHAM,,,1998-01-18,female
thunguyen8792@mailinator.com,VAN BINH,NGUYEN,VN,Ho Chi Minh City,1990-01-01,male
thunya@mailinator.com,,CHANAPONN KASAMSUKK,,,,unknown
thuongkk@mailinator.com,KE NE,JAN,,,1999-11-11,male
thuyduogg1101@mailinator.com,,"NGUYEN, LAM ANH DONG",,,,unknown
thuypp@mailinator.com,,TO HOA,,,,unknown
ticket@mailinator.com,,,,,1999-02-13,male
ticketing@mailinator.com,,,,,1996-04-01,male
tiencongdev.vndts@mailinator.com,,TIEN CONG DINH,,,,unknown
tiendev@mailinator.com,,Minh Tien,,,,unknown
tiennminh@mailinator.com,B,A,,,2000-05-05,male
tn.support@mailinator.com,NARAYAN,GURUMURTHY,,,2018-07-23,male
toanvolk12@mailinator.com,,HNH - CN MIEN NAM,,,,unknown
tongailinh212@mailinator.com,AN,LE,VN,Ho Chi Minh City,2000-07-01,female
touliver1609@mailinator.com,NGUYEN,TRAN TAN PHAT,,,1997-09-16,male
tramsachhn@mailinator.com,,Datacom,,,,unknown
tran.le@mailinator.com,,Le Ngoc Tran,,,,unknown
tranduyanh001@mailinator.com,DUY ANH,TRAN,VN,Ha Noi,1995-04-28,male
trangnt123@mailinator.com,,Datacom,,,,unknown
trangnt@mailinator.com,THAI TUNG,NGUYEN,VN,Ha Noi,1984-04-19,male
tranhai8935@mailinator.com,D,D,VN,Ho Chi Minh City,1993-11-11,male
tranluuvuong888@mailinator.com,VAN A,NGUYEN,,,2000-07-08,male
tranphuong17794@mailinator.com,THI TAM,BAN,,,2004-12-30,female
tranthithuha1999.09@mailinator.com,HA,TRAN,VN,Thanh Hoa,1999-07-11,male
tranthithuytien0509@mailinator.com,THI THUY TIEN,TRAN,,,1996-12-31,male
tranthuong1212@mailinator.com,,"TRAN, DAO DINH THUONG",,,,unknown
tranthuyson30101993@mailinator.com,THUY SON,TRAN,,,1993-10-30,male
trantien@mailinator.com,T,T,,,2002-12-31,male
travellerspoint@mailinator.com,SUNIL JIWANKUMAR MR,BANSAL,,,1985-01-17,male
trip@mailinator.com,VAN NAM,TRAN,VN,Ho Chi Minh City,1999-09-05,female
trong.nh@mailinator.com,,"LE, HOANG YEN MS",,,,unknown
trongduy1712@mailinator.com,DUY,TRAN,,,1997-12-17,male
trucsuong08.nd@mailinator.com,TRUC SUONG,NGUYENN,,,2000-08-09,male
trungkien6489@mailinator.com,TRUNG KIEN,DO,VN,Ha Noi,1989-04-06,male
truongqhoaha@mailinator.com,QUYNH HOA,TRUONG,,,2003-08-03,female
tththao06@mailinator.com,THANH THAO,TU,,,2007-10-20,female
tttai.contact@mailinator.com,,TAI TONG,,,,unknown
tu.ngo@mailinator.com,THI LUYEN,NGUYEN,VN,Ho Chi Minh City,1994-09-19,female
tu11@mailinator.com,D,D,,,1995-02-01,male
tuannq.dac@mailinator.com,,CTY TNHH TM VA DV DAC,,,,unknown
tulc7@mailinator.com,,LA CAM TU,,,,unknown
tunsiya.pr@mailinator.com,,"ppp, tanya",,,,unknown
tuongvo@mailinator.com,,VO MANH TUONG,,,,unknown
tvthinh.tt@mailinator.com,HDBANK MOT,TEST IFRAME,VN,Ho Chi Minh City,2003-02-12,male
user9621@mailinator.com,,TestLastZn TestFirstYl,,,,unknown
v.khainq15@mailinator.com,QUANG KHAI,NGUYEN,VN,Hai Phong,2002-08-30,male
van.lty11@mailinator.com,,HNH - CN MIEN NAM,,,,unknown
van.lty@mailinator.com,,NGUYEN THI TU,,,,unknown
vandiepdo88@mailinator.com,NGOC THAO,PHAM,VN,Ho Chi Minh City,1982-08-30,female
vannn@mailinator.com,THAO BICH DA,TRAN,,,,female
vemaybay@mailinator.com,THI KHANH LY,NGUYEN,,,,female
vemaybaytamanh2017@mailinator.com,,CONG TY TNHH DV DL NGOI NHA PHUONG NAM,,,,unknown
vemaybayuudai-support@mailinator.com,,APIGW OTA TESTING,,,,unknown
vietdung1210971@mailinator.com,,NGIA MINH,,,,unknown
viethieumhqb@mailinator.com,VIET HIEU,DINH,VN,Kien Giang,1978-02-01,male
vietjettest@mailinator.com,,TEST GALAXY ONE,,,,unknown
vijay@mailinator.com,ROHAN,TOMAR,,,1989-07-18,male
vinay@mailinator.com,,IND WCTWORLD,,,,unknown
vinh@mailinator.com,VIET LONG,PHUNG,VN,Ho Chi Minh City,2001-10-20,male
vinhthd311@mailinator.com,HO DUC VINH,LE,,,2000-10-31,male
vinvhebbar@mailinator.com,,Vinayak Hebbar,,,,unknown
vishakha.dubey@mailinator.com,VISHAKHA,DUBEY,,,2014-01-14,female
vj.tester.60a@mailinator.com,THI THUY TIEN,TRAN,,,1993-11-29,male
vonhi3414@mailinator.com,LE ANH,NGUYEN,VN,Ho Chi Minh City,1997-02-12,female
vpquoi123@mailinator.com,,Business Name,,,,unknown
vpquoi5@mailinator.com,,Business Name,,,,unknown
vsgfr@mailinator.com,,"JAMES, HWANG",,,,unknown
vthuy0865@mailinator.com,DUY TRUONG AN,NGUYEN,VN,Ha Noi,2007-08-16,male
vuvy0405@mailinator.com,,Vo Khang,,,,unknown
vxvxvxvv@mailinator.com,,TEST SYSTEM ICT- SUB,,,,unknown
vynguyen171824@mailinator.com,,"LE, HOANG VAN",,,,unknown
vyvn@mailinator.com,,Vy Vy,,,,unknown
vzvxvxv@mailinator.com,C,Q,,,2005-06-23,male
wangyafei@mailinator.com,IRINA,BUZOVA,VN,Ho Chi Minh City,1986-06-25,female
wangyiguoji@mailinator.com,,LI/ZHONGLING,,,,unknown
wannasa@mailinator.com,KUNG,KUNG,,,2009-02-18,female
xuanbinh990@mailinator.com,VAN CUONG,NGUYEN,VN,Ho Chi Minh City,1989-07-15,male
yennhi080303@gmail.com,RUAN,NGUYEN,,Ho Chi Minh City,2002-11-14,male
ynhk461@mailinator.com,KIM YEN,HO,,,1995-12-10,female
yyyyy@mailinator.com,,"YANG, XIANGZHENG",,,,unknown
zggzg@mailinator.com,C,Q,,,2009-08-15,male
